source,id,lender_TopName,Match_Type,highest_parent_id,RSSD,CU_NAME,notice,name,entity,permco,dt_start,dt_end
1.0,1003790,USE CREDIT UNION,Credit Union,1003790,1003790.0,U. S. EMPLOYEES,,,,,,
1.0,100393,FRANKENMUTH CREDIT UNION,Credit Union,100393,100393.0,FRANKENMUTH,,,,,,
3.0,100571,DEPARTMENT OF LABOR FCU,Credit Union,100571,100571.0,DEPT OF LABOR,,,,,,
1.0,1025608,FIRST HAWAIIAN INC,BHC,1025608,,,,Bancwest Corporation,1025608,1718,19860630,20011231
1.0,1025608,FIRST HAWAIIAN INC,BHC,1025608,,,,"First Hawaiian, Inc.",1025608,55670,20160804,20161231
3.0,1026801,FREMONT BANCORPORATION,BHC,1026801,,,,,,,,
3.0,1027004,ZIONS BC,BHC,1027004,,,,Zions Bancorporation,1027004,5057,19860630,20161231
1.0,1030040,BANK OF CMRC HOLD,BHC,1030040,,,,Bank Of Commerce Holdings,1030040,45295,20040630,20161231
1.0,1030170,TRICO BANCSHARES,BHC,1030170,,,,Trico Bancshares,1030170,12086,19930430,20161231
2.0,1031449,SVB FINANCIAL GROUP,BHC,1031449,,,,Svb Financial Group,1031449,9588,19871030,20161231
1.0,1031588,LEARNER FC,BHC,1031588,,,,,,,,
1.0,1037003,M&T BANK CORPORATION,BHC,1037003,,,,M&T Bank Corporation,1037003,1689,19860630,20161231
1.0,1039502,JPMORGAN CHASE & CO,BHC,1039502,,,,Jpmorgan Chase & Co.,1039502,20436,19860630,20161231
1.0,1048513,TRUSTCO BANK CORP NY,BHC,1048513,,,,Trustco Bank Corp Ny,1048513,5926,19860630,20161231
2.0,1048728,BALLSTON SPA BANCORP INC,BHC,1048728,,,,,,,,
1.0,1048773,VALLEY NATIONAL BANCORP,BHC,1048773,,,,Valley National Bancorp,1048773,4818,19860630,20161231
3.0,1048867,COMMUNITY BANK SYSTEM INC,BHC,1048867,,,,"Community Bank System, Inc.",1048867,7871,19860630,20161231
1.0,1048894,FIRST OF LONG ISLAND CORPORATION THE,BHC,1048894,,,,"First Of Long Island Corporation, The",1048894,8879,19870130,20161231
1.0,1049828,UMB FINANCIAL CORPORATION,BHC,1049828,,,,Umb Financial Corporation,1049828,4673,19860630,20161231
1.0,1057962,QUAIL CREEK BANCSHARES INC,BHC,1057962,,,,,,,,
1.0,1057980,ARKANSAS VALLEY BANCSHARES INC,BHC,1057980,,,,,,,,
3.0,1062135,SPIRIT BANKCORP INC,BHC,1062135,,,,,,,,
1.0,1064278,INTRUST FINANCIAL CORPORATION,BHC,1064278,,,,,,,,
1.0,1068025,KEYCORP,BHC,1068025,,,,Keycorp,1068025,2535,19940302,20161231
1.0,1068025,KEYCORP,BHC,1068025,,,,Society Corp,1068025,4183,19860630,19940301
1.0,1068191,HUNTINGTON BANCSHARES INCORPORATED,BHC,1068191,,,,Huntington Bancshares Incorporated,1068191,2093,19860630,20161231
1.0,1069778,PNC FINANCIAL SERVICES GROUP INC THE,BHC,1069778,,,,"Pnc Financial Services Group, Inc., The",1069778,3685,19860630,20161231
1.0,1070345,FIFTH THIRD BANCORP,BHC,1070345,,,,Fifth Third Bancorp,1070345,1741,19860630,20161231
1.0,1070448,WESBANCO INC,BHC,1070448,,,,"Wesbanco, Inc.",1070448,9147,19870529,20161231
1.0,1070644,COMMUNITY TRUST BANCORP INC,BHC,1070644,,,,"Community Trust Bancorp, Inc.",1070644,9645,19871231,20161231
1.0,1070804,FIRSTMERIT CORP,No Match,1070804,,,,Firstmerit Corporation,1070804,5259,19860630,20160815
1.0,1073757,BANK OF AMERICA CORPORATION,BHC,1073757,,,,Bank Of America Corporation,1073757,3151,19860630,20161231
1.0,1074156,BB&T CORPORATION,BHC,1074156,,,,Bb&T Corporation,1074156,4163,19860630,20161231
1.0,1076208,YORK BANCSHARES INC,BHC,1076208,,,,,,,,
1.0,1076673,OLD POINT FINANCIAL CORPORATION,BHC,1076673,,,,Old Point Financial Corporation,1076673,37177,20000428,20161231
1.0,1076703,VIRGINIA COMMUNITY BANKSHARES INC,BHC,1076703,,,,,,,,
1.0,1078846,SYNOVUS FINANCIAL CORP,BHC,1078846,,,,Synovus Financial Corp.,1078846,781,19860630,20161231
1.0,1079562,TRUSTMARK CORPORATION,BHC,1079562,,,,Trustmark Corporation,1079562,1658,19860630,20161231
1.0,1080803,VOLUNTEER STATE BANCSHARES INC,BHC,1080803,,,,,,,,
1.0,1082067,AMERIS BANCORP,BHC,1082067,,,,Ameris Bancorp,1082067,13092,19940531,20161231
1.0,1084511,COMMUNITY BK OF S FL,No Match,1084511,,,,,,,,
1.0,1085460,CLINTON BANCSHARES INC,BHC,1085460,,,,,,,,
1.0,1086533,HANCOCK WHITNEY CORPORATION,BHC,1086533,,,,Hancock Holding Company,1086533,10954,19910628,20161231
1.0,1094314,CENTRAL BANCOMPANY INC,BHC,1094314,,,,,,,,
1.0,1094613,DELTA BANCSHARES COMPANY,BHC,1094613,,,,,,,,
1.0,1094640,FIRST HORIZON CORPORATION,BHC,1094640,,,,First Horizon National Corporation,1094640,1856,19860630,20161231
1.0,1094828,SIMMONS FIRST NATIONAL CORPORATION,BHC,1094828,,,,Simmons First National Corporation,1094828,7460,19860630,20161231
3.0,1095674,ARVEST BANK GROUP INC,BHC,1095674,,,,,,,,
1.0,1095722,TOWN & COUNTRY BANCSHARES INC,BHC,1095722,,,,,,,,
1.0,1095843,MAGNOLIA BANCSHARES INC,BHC,1095843,,,,,,,,
3.0,1095889,FIRST ILLINOIS BANCORP INC,BHC,1095889,,,,,,,,
1.0,1097025,REPUBLIC BANCORP INC,BHC,1097025,,,,"Republic Bancorp, Inc.",1097025,16222,19980731,20161231
1.0,1098303,OLD NATIONAL BANCORP,BHC,1098303,,,,Old National Bancorp,1098303,7067,19860630,20161231
1.0,1099896,MOSCOW BANCSHARES INC,BHC,1099896,,,,,,,,
1.0,1099917,FIRST STATE BANCSHARES INC,BHC,1099917,,,,,,,,
3.0,1101726,TEXAS GULF BANCSHARES INC,BHC,1101726,,,,,,,,
1.0,1103391,COMMERCE BANCSHARES INC,BHC,1103391,,,,,,,,
1.0,1104567,CENDERA FINANCIAL HOLDINGS INC,BHC,1104567,,,,,,,,
1.0,1107184,SOUTHERN BANCSHARES INC,BHC,1107184,,,,,,,,
3.0,1109553,VAN ALSTYNE FINANCIAL CORPORATION,BHC,1109553,,,,,,,,
1.0,1109599,PROSPERITY BANCSHARES INC,BHC,1109599,,,,"Prosperity Bancshares, Inc.",1109599,16313,19981130,20161231
1.0,1116609,UNIVEST FINANCIAL CORPORATION,BHC,1116609,,,,Univest Corporation Of Pennsylvania,1116609,44293,20030829,20161231
1.0,1118948,COMMONWEALTH BANCSHARES INC,BHC,1118948,,,,,,,,
2.0,1119794,US BANCORP,BHC,1119794,,,,U.S. Bancorp,1119794,1645,19860630,20161231
1.0,1120754,WELLS FARGO & COMPANY,BHC,1120754,,,,Wells Fargo & Company,1120754,21305,19860630,20161231
3.0,1123670,FIRST INTERSTATE BANCSYSTEM INC,BHC,1123670,,,,"First Interstate Bancsystem, Inc.",1123670,53368,20100331,20161231
1.0,1129382,POPULAR INC,BHC,1129382,,,,"Popular, Inc.",1129382,475,19860630,20161231
1.0,1129690,TRIAD BANCSHARES INC,BHC,1129690,,,,,,,,
1.0,1131497,SMARTFINANCIAL INC,BHC,1131497,,,,Smartfinancial Inc,1131497,55508,20151231,20161231
1.0,1131602,DEVON BANCORP INC,BHC,1131602,,,,,,,,
1.0,1131787,SUNTRUST BANKS INC,BHC,1131787,,,,"Suntrust Banks, Inc.",1131787,21691,19860630,20161231
1.0,1133428,QUINLAN BANCSHARES INC,BHC,1133428,,,,,,,,
1.0,1133503,CANANDAIGUA NATIONAL CORPORATION,BHC,1133503,,,,,,,,
1.0,1134564,FIRST INDEPENDENCE CORPORATION,BHC,1134564,,,,,,,,
1.0,1136577,MACON BANCTRUST INC,BHC,1136577,,,,,,,,
1.0,1136661,OCEAN BANKSHARES INC,BHC,1136661,,,,,,,,
3.0,1137453,FORESIGHT FINANCIAL GROUP INC,BHC,1137453,,,,,,,,
3.0,113777,ADVANCIAL FEDERAL CREDIT UNION,Credit Union,113777,113777.0,ADVANCIAL,,,,,,
1.0,1138393,WARREN COUNTY BANCSHARES INC,BHC,1138393,,,,,,,,
2.0,1139279,NBT BANCORP INC,BHC,1139279,,,,Nbt Bancorp Inc.,1139279,11403,19920331,20161231
3.0,1139345,TRICOUNTY FINANCIAL GROUP INC,BHC,1139345,,,,,,,,
1.0,1139541,PEOPLES FINANCIAL SERVICES CORPORATION,BHC,1139541,,,,Peoples Financial Services,1139541,54827,20140430,20161231
1.0,1145476,WEBSTER FINANCIAL CORPORATION,BHC,1145476,,,,Webster Financial Corporation,1145476,8810,19861231,20161231
1.0,1199563,ASSOCIATED BANCCORP,BHC,1199563,,,,Associated Banc-Corp,1199563,362,19860630,20161231
1.0,1199844,COMERICA INCORPORATED,BHC,1199844,,,,Comerica Incorporated,1199844,1261,19860630,20161231
1.0,1201671,BTC FINANCIAL CORPORATION,BHC,1201671,,,,,,,,
1.0,1201934,TCF FINANCIAL CORPORATION,BHC,1201934,,,,Chemical Financial Corporation,1201934,9882,19880831,20161231
1.0,1203602,FIRST BUSEY CORPORATION,BHC,1203602,,,,First Busey Corporation,1203602,16290,19981030,20161231
1.0,1204560,FIRST BANCSHARES INC,BHC,1204560,,,,,,,,
3.0,1205585,FREEPORT BANCSHARES INC,BHC,1205585,,,,,,,,
1.0,1206546,HEARTLAND FINANCIAL USA INC,BHC,1206546,,,,"Heartland Financial Usa, Inc.",1206546,44055,20030530,20161231
3.0,1206603,MANHATTAN BANCSHARES INC,BHC,1206603,,,,,,,,
1.0,1206760,FIRST MID BANCSHARES INC,BHC,1206760,,,,First Mid Ill Bancshares Inc,1206760,54861,20140530,20161231
1.0,1208184,FIRST MIDWEST BANCORP INC,BHC,1208184,,,,"First Midwest Bancorp, Inc.",1208184,5908,19860630,20161231
1.0,1208559,FIRST MERCHANTS CORPORATION,BHC,1208559,,,,First Merchants Corporation,1208559,10218,19890630,20161231
1.0,1208906,LAKELAND FINANCIAL CORPORATION,BHC,1208906,,,,Lakeland Financial Corporation,1208906,15657,19970829,20161231
1.0,1209136,HORIZON BANCORP INC,BHC,1209136,,,,Horizon Bancorp,1209136,9389,19870831,20161231
3.0,1210749,MSB BANCORPORATION INC,BHC,1210749,,,,,,,,
2.0,1231333,BANK OF MONTREAL,No Match,1231333,,,,,,,,
1.0,1231968,BNP PARIBAS,No Match,1231968,,,,,,,,
1.0,1232497,ROYAL BANK OF CANADA,No Match,1232497,,,,,,,,
1.0,1238565,TORONTODOMINION BANK THE,No Match,1238565,,,,,,,,
1.0,1239254,BANCO SANTANDER SA,No Match,1239254,,,,,,,,
1.0,1242423,DEUTSCHE BANK AKTIENGESELLSCHAFT,No Match,1242423,,,,,,,,
1.0,1245705,WEST SUBURBAN BANCORP INC,BHC,1245705,,,,,,,,
1.0,1246467,TAMPA BAY BKG CO,BHC,1246467,,,,,,,,
2.0,1248304,SANDY SPRING BANCORP INC,BHC,1248304,,,,"Sandy Spring Bancorp, Inc.",1248304,14531,19960430,20161231
1.0,1250099,SEMPERVERDE HOLDING CO,No Match,1250099,,,,,,,,
1.0,129787,FORT LEE FEDERAL CREDIT UNION,Credit Union,129787,129787.0,HOMEBASE,,,,,,
1.0,131780,HOPEWELL FEDERAL CU,Credit Union,131780,131780.0,HOPEWELL,,,,,,
1.0,1391237,BANCO BILBAO VIZCAYA ARGENTARIA SA,No Match,1391237,,,,,,,,
3.0,1404735,PTB CORPORATION,BHC,1404735,,,,,,,,
1.0,1404799,LAKELAND BANCORP INC,BHC,1404799,,,,"Lakeland Bancorp, Inc.",1404799,18304,20000229,20161231
1.0,1427444,GREAT LAKES FNCL RESRCS ESOP,No Match,1427444,,,,,,,,
1.0,146579,DOWNRIVER COMMUNITY FEDERAL CU,Credit Union,146579,146579.0,DOWNRIVER COMMUNITY,,,,,,
1.0,148498,PEOPLE DRIVEN CREDIT UNION,Credit Union,148498,148498.0,PEOPLE DRIVEN,,,,,,
1.0,1490701,JOHNSON FINANCIAL GROUP INC,BHC,1490701,,,,,,,,
2.0,1491351,MIDLAND STATES BANCORP INC,BHC,1491351,,,,Midland States Bancorp,1491351,55567,20160531,20161231
2.0,1491717,FARMINGTON BANCORP INC,BHC,1491717,,,,,,,,
1.0,1491904,ROYAL BANCSHARES INC,BHC,1491904,,,,,,,,
3.0,1493319,GATEWAY BANK FSB,Call_Parent,1493319,,,,,,,,
2.0,1496253,UNIVERSITY BANCORP INC,BHC,1496253,,,,"University Bancorp, Inc.",1496253,9237,19891231,20090109
1.0,1562859,ALLY FINANCIAL INC,BHC,1562859,,,,Ally Financial Inc,1562859,53687,20140430,20161231
1.0,156774,UNITY CATHOLIC FCU,Credit Union,156774,156774.0,UNITY CATHOLIC,,,,,,
2.0,1583836,MUTUAL OF OMAHA INSURANCE COMPANY,No Match,1583836,,,,,,,,
1.0,1647970,CREDIT SUISSE GROUP AG,No Match,1647970,,,,,,,,
3.0,172886,FRONT ROYAL FCU,Credit Union,172886,172886.0,FRONT ROYAL,,,,,,
3.0,175980,PURDUE FEDERAL CREDIT UNION,Credit Union,175980,175980.0,PURDUE,,,,,,
3.0,1848003,CASCADE BC,No Match,1848003,,,,Cascade Bancorp,1848003,12784,19940131,20161231
3.0,18489,APL FEDERAL CREDIT UNION,Credit Union,18489,18489.0,APL,,,,,,
3.0,1860863,CBX CORPORATION,BHC,1860863,,,,,,,,
1.0,1862036,GUARANTY BANCSHARES INC,BHC,1862036,,,,"Guaranty Bancshares, Inc.",1862036,16115,19900101,20050630
1.0,1866155,PEOPLESSOUTH BANCSHARES INC,BHC,1866155,,,,,,,,
1.0,1885307,ORIGIN BANCORP INC,BHC,1885307,,,,,,,,
1.0,1902651,MERIDIAN BANCORP INC,BHC,1902651,,,,Meridian Bancorp Inc (Md),1902651,52920,20140729,20161231
2.0,1951350,CITIGROUP INC,BHC,1951350,,,,Citigroup Inc.,1951350,20483,19881215,20161231
1.0,1971693,ATLANTIC UNION BANKSHARES CORPORATION,BHC,1971693,,,,Union First Market Bankshares Corporation,1971693,12461,19931029,20161231
1.0,198390,TEAM ONE CREDIT UNION,Credit Union,198390,198390.0,TEAM ONE,,,,,,
2.0,2016340,FIRST COMMUNITY BANCORP INC,BHC,2016340,,,,,,,,
3.0,2022734,MERCHANTS AND MANUFACTURERS BANK CORPORATION,BHC,2022734,,,,,,,,
1.0,2038409,HAWTHORN BANCSHARES INC,BHC,2038409,,,,"Hawthorn Bancshares, Inc",2038409,37716,20000630,20161231
3.0,2072793,COMMUNITY BANCSHARES EMPLOYEE STOCK OWNERSHIP PLAN,No Match,2072793,,,,,,,,
3.0,2078816,COLUMBIA BANKING SYSTEM INC,BHC,2078816,,,,"Columbia Banking System, Inc.",2078816,11576,19930816,20161231
3.0,2126977,BANNER CORPORATION,BHC,2126977,,,,Banner Corporation,2126977,14091,19951130,20161231
1.0,2127068,ALLIANCE BANCSHARES INC,BHC,2127068,,,,,,,,
1.0,2162966,MORGAN STANLEY,BHC,2162966,,,,Morgan Stanley,2162966,21224,19930602,20161231
1.0,2260406,WINTRUST FINANCIAL CORPORATION,BHC,2260406,,,,Wintrust Financial Corporation,2260406,15385,19970331,20161231
1.0,2264404,NEXTIER INCORPORATED,BHC,2264404,,,,,,,,
1.0,2277860,CAPITAL ONE FINANCIAL CORPORATION,BHC,2277860,,,,Capital One Financial Corporation,2277860,30513,19941130,20161231
1.0,2291914,IBERIABANK CORPORATION,BHC,2291914,,,,Iberiabank Corporation,2291914,13657,19950428,20161231
2.0,2337081,PASSUMPSIC BANCORP,BHC,2337081,,,,,,,,
1.0,2349815,WESTERN ALLIANCE BANCORPORATION,BHC,2349815,,,,Western Alliance Bancorporation,2349815,46890,20050630,20161231
1.0,2360043,LAKE ELMO BANCSHARES INC,BHC,2360043,,,,,,,,
3.0,2360454,STOCKMENS FINANCIAL CORPORATION,BHC,2360454,,,,,,,,
1.0,2380443,GOLDMAN SACHS GROUP INC THE,BHC,2380443,,,,"Goldman Sachs Group, Inc., The",2380443,35048,19990528,20161231
1.0,2393274,FLUSHING FINANCIAL CORPORATION,BHC,2393274,,,,Flushing Financial Corp,2393274,14157,19951130,20161231
1.0,2402813,MAGNOLIA BANCORP INC,BHC,2402813,,,,,,,,
1.0,240486,SKYPOINT FEDERAL CREDIT UNION,Credit Union,240486,240486.0,SKYPOINT,,,,,,
3.0,2453084,H BC LLC,BHC,2453084,,,,,,,,
1.0,2461463,SB ONE BANCORP,BHC,2461463,,,,Sussex Bancorp,2461463,34666,19980227,20161231
1.0,2490575,OFG BANCORP,BHC,2490575,,,,Oriental Financial Group Inc.,2490575,9058,19970124,20161231
1.0,2494153,HOMETOWN FINANCIAL GROUP INC,BHC,2494153,,,,,,,,
1.0,2495039,TAYLOR CAP GRP,No Match,2495039,,,,"Taylor Capital Group, Inc.",2495039,43617,20021031,20140817
2.0,2507790,CAROLINA FINANCIAL CORPORATION,BHC,2507790,,,,Carolina Financial Corp,2507790,54949,20140731,20161231
3.0,2510192,IRONSTONE BANK,No Match,2510192,,,,,,,,
1.0,2523389,COMMUNITY FINANCIAL CORPORATION THE,BHC,2523389,,,,Community Financial Cp (The),2523389,54567,20130930,20161231
1.0,2533100,ALIKAT INV,BHC,2533100,,,,,,,,
1.0,2539081,SHORE COMMUNITY BANK,Call_Parent,2539081,,,,,,,,
3.0,2571120,COLUMBIA BANK MHC,BHC,2571120,,,,,,,,
2.0,2582827,NORTHWAY FINANCIAL INC,BHC,2582827,,,,"Northway Financial, Inc.",2582827,15734,19900101,20070630
1.0,2589732,KINDERHOOK BANK CORP,BHC,2589732,,,,,,,,
1.0,2609975,OCEANFIRST FINANCIAL CORP,BHC,2609975,,,,Oceanfirst Financial Corp.,2609975,14795,19960731,20161231
2.0,2623430,NARRAGANSETT FINANCIAL CORP,BHC,2623430,,,,,,,,
1.0,2630746,UNITY BANCSHARES LLC,BHC,2630746,,,,,,,,
1.0,2648693,FIRST NIAGARA FNCL GROUP,No Match,2648693,,,,"First Niagara Financial Group, Inc.",2648693,16060,19980430,20160729
2.0,269393,MILLBURY FEDERAL CREDIT UNION,Credit Union,269393,269393.0,MILLBURY,,,,,,
1.0,2706735,TEXAS CAPITAL BANCSHARES INC,BHC,2706735,,,,"Texas Capital Bancshares, Inc.",2706735,44292,20030829,20161231
1.0,271695,SCHOOL EMPL LORAIN CTY CU,Credit Union,271695,271695.0,ACHIEVE,,,,,,
3.0,2734064,INDEPENDENT ALLIANCE BANKS INC,No Match,2734064,,,,,,,,
2.0,2734233,EAST WEST BANCORP INC,BHC,2734233,,,,"East West Bancorp, Inc.",2734233,16402,19990226,20161231
1.0,2737814,NORTHPOINTE BANCSHARES INC,BHC,2737814,,,,,,,,
1.0,2745604,TOWER FC,No Match,2745604,,,,Tower Financial Corporation,2745604,42116,20010928,20140425
3.0,2747644,UMPQUA HOLDINGS CORPORATION,BHC,2747644,,,,Umpqua Holdings Corporation,2747644,16035,19990313,20161231
1.0,2751388,SOMERSET HILLS BANK,No Match,2751388,,,,,,,,
3.0,2762973,PACIFIC CONTINENTAL CORP,No Match,2762973,,,,Pacific Continental Corporation,2762973,37736,20000630,20161231
1.0,2777650,METLIFE BANK NA,No Match,2777650,,,,,,,,
1.0,2784920,1ST CONSTITUTION BANCORP,BHC,2784920,,,,1St Constitution Bancorp,2784920,42541,20011231,20161231
1.0,2816474,CENTRIX B&TC,No Match,2816474,,,,,,,,
1.0,2833891,EMPRESAS JUAN YARUR SPA,No Match,2833891,,,,,,,,
1.0,2851653,FNB BC,BHC,2851653,,,,,,,,
1.0,2900261,HANMI FINANCIAL CORPORATION,BHC,2900261,,,,Hanmi Financial Corporation,2900261,41159,20010131,20161231
1.0,290490,WINGS FINANCIAL CREDIT UNION,Credit Union,290490,290490.0,WINGS FINANCIAL,,,,,,
1.0,2931331,FARMERS AND MERCHANTS BANCSHARES INC,BHC,2931331,,,,,,,,
1.0,2937100,CONNECTICUT MUTUAL HOLDING COMPANY,BHC,2937100,,,,,,,,
2.0,295981,WRIGHT PATMAN CONGRESSIONAL FEDERAL CREDIT UNION,Credit Union,295981,295981.0,WRIGHT PATMAN CONGRESSIONAL,,,,,,
3.0,2961879,HOPE BANCORP INC,BHC,2961879,,,,"Nara Bancorp, Inc.",2961879,15933,20010202,20161231
3.0,2976396,SIERRA BANCORP,BHC,2976396,,,,Sierra Bancorp,2976396,16578,20010810,20161231
1.0,2980209,BARCLAYS BANK DELAWARE,Call_Subsidiary,5006575,,,,,,,,
1.0,3010288,C B & T BANCSHARES INC,BHC,3010288,,,,,,,,
1.0,3016338,GEORGIA BANKING COMPANY INC,BHC,3016338,,,,,,,,
3.0,3025385,NORTHRIM BC,BHC,3025385,,,,"Northrim Bancorp, Inc.",3025385,28947,20020101,20161231
1.0,3035227,JSA FAMILY LIMITED PARTNERSHIP,BHC,3035227,,,,,,,,
1.0,3063622,STIFEL FINANCIAL CORP,BHC,3063622,,,,Stifel Financial Corp.,3063622,6185,20011016,20161231
3.0,306681,MARKET USA FEDERAL CREDIT UNION,Credit Union,306681,306681.0,MARKET USA,,,,,,
1.0,307697,GUARDIANS CREDIT UNION,Credit Union,307697,307697.0,GUARDIANS,,,,,,
1.0,3083291,STERLING BANCORP,BHC,3083291,,,,"Provident New York Bancorp, Inc.",3083291,16374,20040114,20161231
1.0,309570,1ST MARINER BANK,Call_Parent,309570,,,,,,,,
1.0,3109904,ACCESS NATIONAL CORPORATION,BHC,3109904,,,,Access National Corporation,3109904,45415,20040730,20161231
3.0,3117329,PREMIER CMRL BC,BHC,3117329,,,,,,,,
1.0,312299,COMMUNITY ALLIANCE CREDIT UNION,No Match,312299,,,,,,,,
1.0,3140288,INDEPENDENT BANK GROUP INC,BHC,3140288,,,,Independent Bk Grp Inc,3140288,54377,20130430,20161231
1.0,3146150,US CENTURY BANK,Call_Parent,3146150,,,,,,,,
3.0,3149012,BILTMORE BK OF ARIZONA,No Match,3149012,,,,,,,,
1.0,3153130,BANC OF CALIFORNIA INC,BHC,3153130,,,,"First Pactrust Bancorp, Inc.",3153130,43449,20020830,20161231
1.0,3153242,CLAYTON HC,BHC,3153242,,,,,,,,
3.0,3188860,CALWEST BC,BHC,3188860,,,,,,,,
1.0,3211601,MVB FINANCIAL CORP,BHC,3211601,,,,,,,,
1.0,3221217,DCB FC,No Match,3221217,,,,,,,,
1.0,3223828,FLORIDA CAPITAL GROUP INC,BHC,3223828,,,,,,,,
1.0,3233126,TRIUMPH BANCORP INC,BHC,3233126,,,,Triumph Bancorp Inc,3233126,55123,20141128,20161231
1.0,3242838,REGIONS FINANCIAL CORPORATION,BHC,3242838,,,,Regions Financial Corporation,3242838,1620,20040701,20161231
1.0,324591,BEACON COMMUNITY CREDIT UNION,Credit Union,324591,324591.0,BEACON COMMUNITY,,,,,,
1.0,3248513,WILSHIRE BC,No Match,3248513,,,,"Wilshire Bancorp, Inc.",3248513,16321,20040826,20160729
1.0,3249109,FIRST TRUST FINANCIAL CORP,BHC,3249109,,,,,,,,
1.0,3253825,LAKEVIEW BANCORPORATION INC,BHC,3253825,,,,,,,,
1.0,3255100,SUNSOUTH BSHRS,BHC,3255100,,,,,,,,
1.0,3274727,COASTALSOUTH BANCSHARES INC,BHC,3274727,,,,,,,,
1.0,329587,BALTIMORE COUNTY EMPLOYEES CU,Credit Union,329587,329587.0,BALTIMORE COUNTY EMPLOYEES,,,,,,
3.0,3303944,PACIFIC WEST BANK,Call_Parent,3303944,,,,,,,,
1.0,3325740,SOUTHERN NATIONAL BANCORP OF VIRGINIA INC,BHC,3325740,,,,"Southern National Bancorp Of Virginia, Inc.",3325740,51457,20061130,20161231
1.0,3339046,STONEGATE BANK,No Match,3339046,,,,Stonegate Bank/Fl,3339046,54871,20140530,20161231
1.0,3342671,ANCHOR COMMERCIAL BANK,Call_Parent,3342671,,,,,,,,
1.0,3344312,TRADITION BANCSHARES INC,BHC,3344312,,,,,,,,
1.0,3353837,PILOT POINT BANCORP INC ESOP,No Match,3353837,,,,,,,,
1.0,3356632,WESTERN ILLINOIS BANCSHARES INC,BHC,3356632,,,,,,,,
1.0,335980,COMMUNITY FOCUS FEDERAL CREDIT UNION,Credit Union,335980,335980.0,COMMUNITY FOCUS,,,,,,
3.0,3383076,TRIVALLEY BANK,Call_Parent,3383076,,,,,,,,
1.0,3402913,BANESCO USA,Call_Parent,3402913,,,,,,,,
1.0,343088,CARTER FEDERAL CREDIT UNION,Credit Union,343088,343088.0,CARTER,,,,,,
3.0,344692,WESCOM CENTRAL CREDIT UNION,Credit Union,344692,344692.0,WESCOM CENTRAL,,,,,,
3.0,3447875,PLAZA BANK,No Match,3447875,,,,,,,,
3.0,3448162,LONE STAR BANK,Call_Parent,3448162,,,,,,,,
1.0,3450521,EVERGREEN BANCSHARES INC,BHC,3450521,,,,,,,,
3.0,3466456,NHB HOLD,No Match,3466456,,,,,,,,
1.0,3470154,US METRO BK,Call_Parent,3470154,,,,,,,,
1.0,3474835,GREEN BANCORP INC,BHC,3474835,,,,Green Bancorp Inc,3474835,54993,20140829,20161231
1.0,3488234,RESERVE FNCL ASSC LLC,BHC,3488234,,,,,,,,
1.0,3488289,COMMUNITY BANCSHARES OF KANSAS INC,No Match,3488289,,,,,,,,
1.0,3489594,PACIFIC PREMIER BANCORP INC,BHC,3489594,,,,"Pacific Premier Bancorp, Inc.",3489594,15547,20070330,20161231
1.0,3530786,MERCHANTS BANCORP,BHC,3530786,,,,,,,,
1.0,3541483,AVENUE FNCL HOLD,No Match,3541483,,,,Avenue Financial Holdings,3541483,55189,20150227,20160630
1.0,3547999,BANGOR BANCORP MHC,BHC,3547999,,,,,,,,
1.0,3551361,HERITAGE BC,No Match,3551361,,,,,,,,
1.0,3559198,FORTIS FINANCIAL INC,BHC,3559198,,,,,,,,
3.0,3559844,WESTERN AZ BC,BHC,3559844,,,,,,,,
1.0,3560756,COLLIN BANK,No Match,3560756,,,,,,,,
1.0,3577419,HOMEBANCORP,BHC,3577419,,,,,,,,
3.0,3587146,BANK OF NEW YORK MELLON CORPORATION THE,BHC,3587146,,,,"Bank Of New York Mellon Corporation, The",3587146,20265,20070701,20161231
1.0,3592047,GOLDWATER BANK NATIONAL ASSOCIATION,Call_Parent,3592047,,,,,,,,
3.0,3595431,ST ANNE BANCORP INC,BHC,3595431,,,,,,,,
3.0,3609682,TALMER BC,No Match,3609682,,,,Talmer Bancorp Inc,3609682,54747,20140228,20160831
1.0,3612543,LEVEL ONE BANCORP INC,BHC,3612543,,,,,,,,
1.0,3614958,CALIFORNIA BANK OF COMMERCE,Call_Subsidiary,5116344,,,,,,,,
1.0,3619720,MINEOLA COMMUNITY MUTUAL HOLDING COMPANY,BHC,3619720,,,,,,,,
1.0,3628535,VIRGINIA CMNTY CAP,BHC,3628535,,,,,,,,
1.0,3632000,REGENT CAPITAL CORPORATION,BHC,3632000,,,,,,,,
1.0,3637582,FRANKLIN FINANCIAL NETWORK INC,BHC,3637582,,,,Franklin Finl Network Inc,3637582,55204,20150331,20161231
3.0,36483,VANTRIA FEDERAL CREDIT UNION,No Match,36483,,,,,,,,
1.0,3649950,PALOMAR ENTERPRISES LLC,BHC,3649950,,,,,,,,
1.0,3650152,PEOPLES UNITED FINANCIAL INC,BHC,3650152,,,,"People'S United Financial, Inc.",3650152,9847,20070416,20161231
3.0,3654712,NEW JERSEY COMMUNITY BANK,Call_Parent,3654712,,,,,,,,
3.0,366573,ALASKA USA FEDERAL CREDIT UNION,Credit Union,366573,366573.0,GLOBAL,,,,,,
1.0,367392,ALLIANT CREDIT UNION,Credit Union,367392,367392.0,ALLIANT,,,,,,
3.0,368492,WRIGHTPATT CREDIT UNION INC,Credit Union,368492,368492.0,"WRIGHT-PATT CREDIT UNION, INC.",,,,,,
3.0,3694026,PARKSIDE FNCL,BHC,3694026,,,,,,,,
1.0,3695667,SILVERGATE CAPITAL CORPORATION,BHC,3695667,,,,,,,,
1.0,3721511,OCULINA BANC CORP,BHC,3721511,,,,,,,,
1.0,3735152,FIRST STATE BANCORPORATION INC,BHC,3735152,,,,,,,,
1.0,373795,USF FEDERAL CREDIT UNION,Credit Union,373795,373795.0,USF FEDERAL CREDIT UNION,,,,,,
1.0,3744239,ALLEGIANCE BANCSHARES INC,BHC,3744239,,,,Allegiance Bancshares Inc,3744239,55451,20151030,20161231
1.0,3792687,TIAA BOARD OF OVERSEERS,No Match,3792687,,,,,,,,
1.0,3802278,LWCBANCORP INC,BHC,3802278,,,,,,,,
1.0,3808113,BOSP BANCSHARES INC,BHC,3808113,,,,,,,,
1.0,3814310,AXOS FINANCIAL INC,BHC,3814310,,,,"Bofi Holding, Inc.",3814310,46441,20050331,20161231
1.0,3815157,RAYMOND JAMES FINANCIAL INC,BHC,3815157,,,,"Raymond James Financial, Inc.",3815157,6137,19940513,20161231
3.0,3823031,SWS GRP,No Match,3823031,,,,"Sws Group, Inc.",3823031,11148,20000428,20141231
3.0,3835164,SILVER QUEEN FS,BHC,3835164,,,,,,,,
1.0,3837962,AXIOM BANCSHARES INC,BHC,3837962,,,,,,,,
1.0,3840029,ATLANTIC COAST FINANCIAL CORPORATION,BHC,3840029,,,,Atlantic Coast Financial Corporation,3840029,45707,20041029,20161231
3.0,3842649,BENEFICIAL STATE FOUNDATION,BHC,3842649,,,,,,,,
3.0,3842658,FIRST FOUNDATION INC,BHC,3842658,,,,First Foundation Inc,3842658,55109,20141128,20161231
3.0,3843507,HOMESTREET INC,BHC,3843507,,,,"Homestreet, Inc.",3843507,54001,20120229,20161231
1.0,3844269,WSFS FINANCIAL CORPORATION,BHC,3844269,,,,Wsfs Financial Corporation,3844269,8766,19880721,20161231
1.0,3846405,FIRST FEDERAL BANCORP MHC,BHC,3846405,,,,,,,,
1.0,3846601,FOX CHASE BC,No Match,3846601,,,,"Fox Chase Bancorp, Inc.",3846601,51309,20061031,20160630
1.0,3866878,MCHENRY BANCORP INC,BHC,3866878,,,,,,,,
1.0,3869806,DIRECT MORTGAGE CORPORATION,No Match,3869806,,,,,,,,
1.0,3870679,ROCKET MORTGAGE,No Match,3870679,,,,,,,,
2.0,3873401,PHH HOME LOANS,No Match,3873401,,,,,,,,
1.0,3875179,SIERRA PACIFIC MORTGAGE CO INC,No Match,3875179,,,,,,,,
3.0,3875713,SUN WEST MORTGAGE COMPANY INC,No Match,3875713,,,,,,,,
1.0,3881732,THE MONEY SOURCE,No Match,3881732,,,,,,,,
1.0,3882515,FIRST GUARANTY MORTGAGE CORPORATION,No Match,3882515,,,,,,,,
1.0,3919756,GEORGETOWN BANCORP INC,No Match,3919756,,,,"Georgetown Bancorp, Inc.",3919756,54148,20120711,20161231
1.0,3921816,COMMUNITY FIRST FINANCIAL CORPORATION,BHC,3921816,,,,,,,,
1.0,3922466,WASHINGTONFIRST BANKSHARES INC,BHC,3922466,,,,Washingtonfirst Bankshares,3922466,54285,20121231,20161231
1.0,3929821,TALL CITY BSHRS,BHC,3929821,,,,,,,,
1.0,3944628,FCB FINANCIAL HOLDINGS INC,BHC,3944628,,,,Fcb Financial Holdings Inc,3944628,54983,20140829,20161231
1.0,3949593,NEWREZ LLC,No Match,3949593,,,,,,,,
1.0,3952191,360 MORTGAGE GROUP LLC,No Match,3952191,,,,,,,,
3.0,3955491,PACIFIC UNION FINANCIAL LLC,No Match,3955491,,,,,,,,
3.0,3962350,ANN ARBOR BANCORP INC,BHC,3962350,,,,,,,,
1.0,3975770,CARLILE BANCSHARES INC,No Match,3975770,,,,,,,,
1.0,4028712,BANKUNITED INC,BHC,4028712,,,,"Bankunited, Inc.",4028712,53647,20110131,20161231
1.0,4036324,STATE BANK FINANCIAL CORPORATION,BHC,4036324,,,,State Bank Financial Corporation,4036324,53729,20110429,20161231
1.0,4090054,INVESTAR HOLDING CORPORATION,BHC,4090054,,,,Investar Holding Corp,4090054,54959,20140731,20161231
1.0,4105266,VERITEX HOLDINGS INC,BHC,4105266,,,,Veritex Holdings Inc,4105266,55085,20141031,20161231
3.0,4114567,FIRST REPUBLIC BANK,Call_Parent,4114567,,,,First Republic Bank,4114567,53609,20101231,20161231
1.0,4132169,PNBK SPONSOR LLC,BHC,4132169,,,,,,,,
1.0,4156679,CAPGEN CAPITAL GROUP VI LLC,No Match,4156679,,,,,,,,
3.0,416197,VERIDIAN CREDIT UNION,Credit Union,416197,416197.0,VERIDIAN,,,,,,
1.0,4176855,RBB BANCORP,BHC,4176855,,,,,,,,
1.0,4183442,STANDARD AVB FINANCIAL CORP,BHC,4183442,,,,Standard Financial Corporation,4183442,53545,20101029,20130930
1.0,4191465,VIEWPOINT FNCL GRP,BHC,4191465,,,,"Viewpoint Financial Group, Inc.",4191465,51319,20100706,20161231
1.0,4199229,WOODFOREST FINANCIAL GROUP INC,No Match,4199229,,,,,,,,
1.0,4224000,MP (THRIFT) LLC,No Match,4224000,,,,,,,,
1.0,4231585,SP BC,No Match,4231585,,,,,,,,
3.0,4265740,SHIRLEY E HICKMAN TR,No Match,4265740,,,,,,,,
3.0,427287,DESCO FEDERAL CREDIT UNION,Credit Union,427287,427287.0,DESCO,,,,,,
1.0,4284536,CUSTOMERS BANCORP INC,BHC,4284536,,,,Customers Bancorp Inc,4284536,54408,20130531,20161231
1.0,4298711,PROVIDENT BANCORP INC,BHC,4298711,,,,,,,,
2.0,4320256,SEFCU SERVICES LLC,No Match,4320256,,,,,,,,
1.0,4323912,SWBC MORTGAGE CORPORATION,No Match,4323912,,,,,,,,
3.0,4347208,FS BANCORP INC,BHC,4347208,,,,,,,,
1.0,4353049,FINANCIAL SVCS HC,BHC,4353049,,,,,,,,
1.0,4366003,HOMETRUST BANCSHARES INC,BHC,4366003,,,,"Hometrust Bancshares, Inc.",4366003,54151,20120731,20161231
3.0,4389329,CRB GROUP INC,BHC,4389329,,,,,,,,
3.0,443193,CREDIT UNION ONE,Credit Union,443193,443193.0,CREDIT UNION ONE,,,,,,
1.0,4434443,LAPORTE BC,No Match,4434443,,,,,,,,
1.0,4440248,FIRST GREEN BANCORP INC,BHC,4440248,,,,,,,,
3.0,448077,TRUECORE FEDERAL CREDIT UNION,Credit Union,448077,448077.0,TRUECORE,,,,,,
1.0,4517261,VIRGINIA NATIONAL BANKSHARES CORPORATION,BHC,4517261,,,,,,,,
1.0,4517298,PARK CITIES FNCL GRP,BHC,4517298,,,,,,,,
3.0,4523431,WATERSTONE FINANCIAL INC,BHC,4523431,,,,Waterstone Financial Inc,4523431,47887,20140123,20161231
3.0,4564724,ADAMS DAIRY BANCSHARES INC,BHC,4564724,,,,,,,,
1.0,4647494,PROFESSIONAL HOLDING CORP,BHC,4647494,,,,,,,,
1.0,472782,UMASSFIVE COLLEGE FEDERAL CREDIT UNION,Credit Union,472782,472782.0,UMASSFIVE COLLEGE,,,,,,
3.0,474487,ENTRUST FINANCIAL CREDIT UNION,No Match,474487,,,,,,,,
1.0,478672,ABD FEDERAL CREDIT UNION,Credit Union,478672,478672.0,A.B.D.,,,,,,
1.0,4795461,UBS GROUP AG,No Match,4795461,,,,,,,,
1.0,479585,PRINCE GEORGES COMMUNITY FCU,Credit Union,479585,479585.0,PRINCE GEORGE'S COMMUNITY,,,,,,
3.0,4809920,GREAT WESTERN BANCORP INC,BHC,4809920,,,,Great Western Bancorp Inc,4809920,55050,20141031,20161231
1.0,4859596,HURON VALLEY BC,BHC,4859596,,,,,,,,
1.0,4875907,FVCBANKCORP INC,BHC,4875907,,,,,,,,
3.0,4876838,PUGET SOUND BC,BHC,4876838,,,,,,,,
1.0,48879,CHIEF FINANCIAL FEDERAL CREDIT UNION,Credit Union,48879,48879.0,CHIEF FINANCIAL,,,,,,
2.0,494261,PACIFIC WESTERN BANK,Call_Subsidiary,2875332,,,,Pacwest Bancorp,2875332,37718,20000630,20161231
1.0,4970802,SLHC TRUST THE,No Match,4970802,,,,,,,,
2.0,4973353,HARBORONE BANCORP INC,BHC,4973353,,,,,,,,
1.0,4980409,OP BANCORP,BHC,4980409,,,,,,,,
1.0,4981648,MARQUIS BC,BHC,4981648,,,,,,,,
1.0,4991076,SMITH & HOOD HOLDING COMPANY LLC,BHC,4991076,,,,,,,,
1.0,499275,DEMOCRACY FEDERAL CREDIT UNION,Credit Union,499275,499275.0,DEMOCRACY,,,,,,
1.0,501794,DAY AIR CREDIT UNION,Credit Union,501794,501794.0,DAY AIR,,,,,,
1.0,5165070,PB FINANCIAL CORPORATION,No Match,5165070,,,,,,,,
1.0,5213690,DIAMOND HTH STOCK COMPANY GP LLC,No Match,5213690,,,,,,,,
1.0,524494,COMMUNITYAMERICA CREDIT UNION,Credit Union,524494,524494.0,COMMUNITYAMERICA,,,,,,
3.0,524775,TRANSPORTATION FCU,Credit Union,524775,524775.0,TRANSPORTATION,,,,,,
1.0,5292,LINCOLN PARK COMMUNITY CU,Credit Union,5292,5292.0,LINCOLN PARK COMMUNITY,,,,,,
1.0,5331286,PLAINS COMMERCE FINANCIAL INC,No Match,5331286,,,,,,,,
3.0,54094,PREMIER FINANCIAL CREDIT UNION,Credit Union,54094,54094.0,PREMIER FINANCIAL,,,,,,
3.0,544474,FEDFINANCIAL FCU,Credit Union,544474,544474.0,FEDFINANCIAL,,,,,,
3.0,549170,INFIRST FEDERAL CREDIT UNION,Credit Union,549170,549170.0,INFIRST,,,,,,
3.0,572972,INTERIOR FEDERAL CREDIT UNION,Credit Union,572972,572972.0,DEPARTMENT OF THE INTERIOR,,,,,,
1.0,574275,ANDREWS FEDERAL CREDIT UNION,Credit Union,574275,574275.0,ANDREWS FEDERAL CREDIT UNION,,,,,,
3.0,575179,WASHINGTON GAS LIGHT FCU,Credit Union,575179,575179.0,TRUENERGY,,,,,,
1.0,578684,UKRAINIAN SELFRELIANCE MICHIGA,Credit Union,578684,578684.0,UKRAINIAN SELFRELIANCE MICHIGAN,,,,,,
3.0,605085,AGRICULTURE FEDERAL CREDIT UNION,Credit Union,605085,605085.0,AGRICULTURE,,,,,,
3.0,608198,WSECU,Credit Union,608198,608198.0,WASHINGTON STATE EMPLOYEES,,,,,,
3.0,625775,CHESSIE FEDERAL CREDIT UNION,Credit Union,625775,625775.0,CHESSIE,,,,,,
1.0,632858,FRONTIER STATE BANK,Call_Parent,632858,,,,,,,,
1.0,637778,COASTLINE FEDERAL CREDIT UNION,Credit Union,637778,637778.0,COASTLINE,,,,,,
1.0,656685,COLUMBINE FCU,Credit Union,656685,656685.0,COLUMBINE,,,,,,
1.0,656694,GOLDENWEST,Credit Union,656694,656694.0,GOLDENWEST,,,,,,
1.0,662293,PSE CREDIT UNION INC,Credit Union,662293,662293.0,"PSE CREDIT UNION, INC.",,,,,,
1.0,678098,DUPONT COMMUNITY CREDIT UNION,Credit Union,678098,678098.0,DUPONT COMMUNITY,,,,,,
1.0,681490,FIRSTMARK CREDIT UNION,Credit Union,681490,681490.0,FIRSTMARK,,,,,,
3.0,692085,POLICE FEDERAL CREDIT UNION,Credit Union,692085,692085.0,POLICE,,,,,,
1.0,695376,FIRST SOURCE FEDERAL CREDIT UNION,Credit Union,695376,695376.0,FIRST SOURCE,,,,,,
3.0,696391,BLUCURRENT CREDIT UNION,Credit Union,696391,696391.0,BLUCURRENT,,,,,,
3.0,706290,SALAL CREDIT UNION,Credit Union,706290,706290.0,SALAL,,,,,,
1.0,725385,ROGUE CREDIT UNION,Credit Union,725385,725385.0,ROGUE,,,,,,
1.0,73376,FDIC FCU,No Match,73376,,,,,,,,
3.0,734284,TOPSIDE FEDERAL CREDIT UNION,Credit Union,734284,734284.0,TOPSIDE,,,,,,
1.0,742793,COMMUNITY DRIVEN CREDIT UNION,No Match,742793,,,,,,,,
1.0,792172,COMMONWEALTH ONE FEDERAL CREDIT UNION,Credit Union,792172,792172.0,COMMONWEALTH ONE,,,,,,
1.0,794091,LAKE TRUST CREDIT UNION,Credit Union,794091,794091.0,LAKE TRUST,,,,,,
3.0,802370,ENERGY FEDERAL CREDIT UNION,No Match,802370,,,,,,,,
1.0,807085,JOURNEY FEDERAL CREDIT UNION,Credit Union,807085,807085.0,JOURNEY,,,,,,
1.0,816984,THE FOCUS FEDERAL CREDIT UNION,Credit Union,816984,816984.0,THE FOCUS,,,,,,
1.0,823795,OUR CREDIT UNION,Credit Union,823795,823795.0,OUR,,,,,,
1.0,841397,KIMBERLY MILAMGIVHAN,Credit Union,841397,841397.0,DIVERSIFIED MEMBERS,,,,,,
1.0,899576,THREE RIVERS FEDERAL CREDIT UNION,Credit Union,899576,899576.0,THREE RIVERS,,,,,,
1.0,902999,CHRISTIAN FINANCIAL CREDIT UNION,Credit Union,902999,902999.0,CHRISTIAN FINANCIAL,,,,,,
1.0,908889,ITHINK FINANCIAL CREDIT UNION,Credit Union,908889,908889.0,ITHINK FINANCIAL,,,,,,
3.0,910181,NASA FEDERAL CREDIT UNION,Credit Union,910181,910181.0,NASA,,,,,,
1.0,939191,VALLEYSTAR CREDIT UNION,Credit Union,939191,939191.0,VALLEYSTAR,,,,,,
1.0,939285,US POSTAL SERVICE FEDERAL CREDIT UNION,Credit Union,939285,939285.0,U S POSTAL SERVICE,,,,,,
3.0,948296,PARTNERSHIP FINANCIAL CREDIT UNION,Credit Union,948296,948296.0,PARTNERSHIP FINANCIAL,,,,,,
1.0,95051,ONE AMERICAN BANK,Call_Parent,95051,,,,,,,,
3.0,967699,MIDUSA CREDIT UNION,Credit Union,967699,967699.0,MYUSA,,,,,,
3.0,971986,REACH FEDERAL CREDIT UNION,No Match,971986,,,,,,,,
3.0,978471,UNITED STATES SENATE FEDERAL CREDIT UNION,Credit Union,978471,978471.0,UNITED STATES SENATE,,,,,,
1.0,986177,ADVIA CREDIT UNION,Credit Union,986177,986177.0,ADVIA,,,,,,
1.0,989383,WALLED LAKE SCHOOL EMPLOYEES FEDERAL CREDIT UNION,Credit Union,989383,989383.0,WALLED LAKE SCHOOLS,,,,,,
